{"cameraMode":{"drawMode":0,"name":"Shaded","section":"Shading Mode"},"sceneLighting":false,"audioPlay":false,"sceneViewState":{"showFog":true,"showMaterialUpdate":false,"showSkybox":false,"showFlares":true,"showImageEffects":true,"showParticleSystems":true},"in2DMode":false,"pivot":{"x":0.0,"y":-9.313225746154786e-10,"z":0.0044677406549453739},"rotation":{"x":-0.25722208619117739,"y":0.6321212649345398,"z":-0.23491279780864716,"w":-0.6921530365943909},"size":0.08822117745876312,"orthographic":false}